{
  "protocol": "CCTP v0.1",
  "record": "47",
  "source": "Sudden Cardiac Death Holter Database (PhysioNet sddb)",
  "vfon_sec": 22381.0,
  "total_hours": 23.59713324652778,
  "n_beats": 92812,
  "windows": {
    "W_EWS": 501,
    "W_TAU": 101,
    "stride": 5
  },
  "basal_window_h": [
    0.5,
    3.5
  ],
  "approach_window_h": [
    3.2169444444444446,
    6.216944444444445
  ],
  "metrics": {
    "var": {
      "basal_mean": 19200.146081299506,
      "approach_mean": 52674.597702022824,
      "delta": 33474.45162072332,
      "p_welch": 1.3173462292276997e-238
    },
    "ar1": {
      "basal_mean": 0.4748220277531868,
      "approach_mean": -0.10484274401086459,
      "delta": -0.5796647717640514,
      "p_welch": 0.0
    },
    "tau_s": {
      "basal_mean": 0.021123085759903425,
      "approach_mean": 0.018563580181993923,
      "delta": -0.0025595055779095016,
      "p_welch": 0.4065939077021263
    }
  },
  "has_systemictau": true,
  "timestamp": "2026-07-08T17:00:00.150182"
}