{
  "protocol": "CCTP v0.1 surrogates",
  "record": "38",
  "n_surr": 8,
  "delta_obs": 0.08764067003788589,
  "surr_deltas": [
    -0.0005779456818764744,
    -0.003782669932308845,
    -0.00816491343178722,
    0.00043952495035959934,
    0.007467841904650349,
    -0.001490615391137365,
    0.0067021464107861785,
    -0.0024591131011044882
  ],
  "p_two_sided_abs": 0.0,
  "p_direction_specific": 0.0,
  "windows": {
    "basal": [
      0.5,
      3.5
    ],
    "approach": [
      5.031666666666666,
      8.031666666666666
    ]
  },
  "W_TAU": 101,
  "stride": 5,
  "timestamp": "2026-07-08T17:00:57.529123"
}