{
  "protocol": "CCTP v0.1 surrogates",
  "record": "44",
  "n_surr": 8,
  "delta_obs": 0.1221390279159544,
  "surr_deltas": [
    0.007045775676787808,
    0.01008673015253761,
    -0.0017094946420521458,
    -0.0045426608378463995,
    0.02668142468336013,
    -0.0005375199145077092,
    -0.012314112845442121,
    -0.0028747431407515835
  ],
  "p_two_sided_abs": 0.0,
  "p_direction_specific": 0.0,
  "windows": {
    "basal": [
      9.645833333333332,
      12.645833333333332
    ],
    "approach": [
      16.645833333333332,
      19.645833333333332
    ]
  },
  "W_TAU": 101,
  "stride": 5,
  "timestamp": "2026-07-12T14:30:52.761506"
}