{
  "n_surr": 8,
  "delta_obs": 0.021119286721310068,
  "surr_deltas": [
    0.012410146687607525,
    -0.002921555014787881,
    -0.014178642245768418,
    -0.0016477598431483631,
    0.0030685198574058386,
    0.0022521218304088313,
    -0.0013104895614621372,
    -0.0013740986288133406
  ],
  "p_one_sided": 0.0
}