{
  "protocol": "CCTP v0.1 surrogates",
  "record": "36",
  "n_surr": 8,
  "delta_obs": 0.07856955373421465,
  "surr_deltas": [
    0.013341574313858268,
    -0.01251628840974043,
    0.0009151436909668141,
    0.012940113523547476,
    0.002021582954837627,
    -0.007528371155526585,
    -0.00801830801583812,
    0.00269629963922604
  ],
  "p_two_sided_abs": 0.0,
  "p_direction_specific": 0.0,
  "windows": {
    "basal": [
      8.98361111111111,
      11.98361111111111
    ],
    "approach": [
      15.98361111111111,
      18.98361111111111
    ]
  },
  "W_TAU": 101,
  "stride": 5,
  "timestamp": "2026-07-08T16:44:59.210928"
}