{
  "protocol": "CCTP v0.1 surrogates",
  "record": "50",
  "n_surr": 8,
  "delta_obs": 0.07224213389545515,
  "surr_deltas": [
    0.029563424158451552,
    0.006286361213038645,
    0.005638938221865927,
    -0.013049390276654022,
    0.004504031307415965,
    -0.006119786948379499,
    0.007397777501319724,
    0.004710445518402045
  ],
  "p_two_sided_abs": 0.0,
  "p_direction_specific": 0.0,
  "windows": {
    "basal": [
      1.7619444444444436,
      4.761944444444444
    ],
    "approach": [
      8.761944444444444,
      11.761944444444444
    ]
  },
  "W_TAU": 101,
  "stride": 5,
  "timestamp": "2026-07-08T17:00:39.260214"
}