{
  "protocol": "CCTP v0.1 surrogates",
  "record": "31",
  "n_surr": 8,
  "delta_obs": -9.349974516323009e-05,
  "surr_deltas": [
    0.011486582773451033,
    0.008503041028129082,
    0.0032501380515076537,
    0.00035779363259221767,
    -0.0002622642314987103,
    -0.005525362354435091,
    0.0024347416093473693,
    0.0029966178334138935
  ],
  "p_two_sided_abs": 1.0,
  "p_direction_specific": 0.25,
  "windows": {
    "basal": [
      3.9663292100694445,
      6.9663292100694445
    ],
    "approach": [
      10.966329210069444,
      13.966329210069444
    ]
  },
  "W_TAU": 101,
  "stride": 5,
  "timestamp": "2026-07-08T19:41:07.654685"
}