{
  "protocol": "CCTP v0.1 surrogates",
  "record": "51",
  "n_surr": 8,
  "delta_obs": -0.056892007525461086,
  "surr_deltas": [
    0.026233707792781984,
    -0.005786629202166722,
    0.005745455781371528,
    0.008897579216619734,
    0.0096100517989967,
    0.007685893309732869,
    0.0005098486767475402,
    -0.0056080897889445565
  ],
  "p_two_sided_abs": 0.0,
  "p_direction_specific": 0.0,
  "windows": {
    "basal": [
      12.973055555555554,
      15.973055555555554
    ],
    "approach": [
      19.973055555555554,
      22.973055555555554
    ]
  },
  "W_TAU": 101,
  "stride": 5,
  "timestamp": "2026-07-08T16:52:27.110605"
}