{
  "protocol": "CCTP v0.1 surrogates",
  "record": "47",
  "n_surr": 8,
  "delta_obs": -0.0025595055779095016,
  "surr_deltas": [
    -0.013864907902959446,
    0.0022660090145880576,
    -0.016061131352503026,
    0.0006091565016144145,
    0.004057617211087941,
    0.006610216354870345,
    0.0002338785988929646,
    -0.0005204945810492788
  ],
  "p_two_sided_abs": 0.5,
  "p_direction_specific": 0.25,
  "windows": {
    "basal": [
      0.5,
      3.5
    ],
    "approach": [
      3.2169444444444446,
      6.216944444444445
    ]
  },
  "W_TAU": 101,
  "stride": 5,
  "timestamp": "2026-07-08T17:00:23.143705"
}