{
  "protocol": "CCTP v0.1 surrogates",
  "record": "35",
  "n_surr": 8,
  "delta_obs": 0.015770582557985996,
  "surr_deltas": [
    -0.010607341124699484,
    0.007902377328676649,
    -0.012206540949397066,
    0.003594173954983229,
    0.0002706574316088282,
    -0.00609801532239357,
    0.003365283886794861,
    0.005948287898401459
  ],
  "p_two_sided_abs": 0.0,
  "p_direction_specific": 0.0,
  "windows": {
    "basal": [
      6.0,
      16.0
    ],
    "approach": [
      20.999677777777777,
      23.999677777777777
    ]
  },
  "W_TAU": 101,
  "stride": 5,
  "timestamp": "2026-07-08T14:24:57.935855"
}