{
  "protocol": "CCTP v0.1 surrogates",
  "record": "32",
  "n_surr": 8,
  "delta_obs": -0.023924549928001432,
  "surr_deltas": [
    0.010839885968124935,
    -0.0021905137381579495,
    0.019796417709024596,
    -0.005002210927749518,
    0.004968467656458374,
    0.013146356207644466,
    0.001643373743999246,
    -0.0072720356445894075
  ],
  "p_two_sided_abs": 0.0,
  "p_direction_specific": 0.0,
  "windows": {
    "basal": [
      6.754999999999999,
      9.754999999999999
    ],
    "approach": [
      13.754999999999999,
      16.755
    ]
  },
  "W_TAU": 101,
  "stride": 5,
  "timestamp": "2026-07-08T19:42:47.992676"
}