{
  "protocol": "CCTP v0.1 surrogates",
  "record": "45",
  "n_surr": 8,
  "delta_obs": 0.006628134835075683,
  "surr_deltas": [
    -0.003583623631837597,
    0.007739563469715438,
    0.0028872991269131114,
    -0.012704845399936715,
    -0.024934449083422162,
    -0.004974848505483104,
    0.005736712902926178,
    0.016590895459597202
  ],
  "p_two_sided_abs": 0.5,
  "p_direction_specific": 0.25,
  "windows": {
    "basal": [
      8.154722222222222,
      11.154722222222222
    ],
    "approach": [
      15.154722222222222,
      18.154722222222222
    ]
  },
  "W_TAU": 101,
  "stride": 5,
  "timestamp": "2026-07-08T16:48:51.509434"
}