{
  "protocol": "CCTP v0.1 surrogates",
  "record": "30",
  "n_surr": 8,
  "delta_obs": -0.027423356580893135,
  "surr_deltas": [
    0.00010591118276874034,
    0.012122341067425074,
    -0.00016807746743153508,
    0.005630845984890239,
    -0.00582328822999803,
    0.0039048236853595156,
    0.003747666978519182,
    -0.013822946318925698
  ],
  "p_two_sided_abs": 0.0,
  "p_direction_specific": 0.0,
  "windows": {
    "basal": [
      0.5,
      3.5
    ],
    "approach": [
      4.909166666666667,
      7.909166666666667
    ]
  },
  "W_TAU": 101,
  "stride": 5,
  "timestamp": "2026-07-08T19:38:48.129459"
}